Workbook
Name StudentNames: '3erTRIM'!$C$8:$C$38
Name ClassAvgPoints: '3erTRIM'!$F$7:$AG$7
Name StudentNames: Finales!$C$7:$C$37
Name ClassAvgPoints: '1erTRIM'!$F$7:$AG$7
Name PointValues: '2doTRIM'!$F$5:$AG$5
Name StudentNames: '1erTRIM'!$C$8:$C$38
Name ClassAvgPoints: Finales!$F$6:$H$6
Name TotalPoints: Finales!$E$5
Name StudentGrades: '1erTRIM'!$D$8:$D$38
Name PointValues: '3erTRIM'!$F$5:$AG$5
Name PointValues: Finales!$F$4:$H$4
Name TotalPoints: '1erTRIM'!$E$6
Name Grades: General!$F$7:$F$19
Name StudentGrades: '3erTRIM'!$D$8:$D$38
Name ClassAvgPoints: '2doTRIM'!$F$7:$AG$7
Name StudentGrades: Finales!$D$7:$D$37
Name TotalPoints: '3erTRIM'!$E$6
Name StudentNames: '2doTRIM'!$C$8:$C$38
Name StudentGrades: '2doTRIM'!$D$8:$D$38
Name TotalPoints: '2doTRIM'!$E$6
Name PointValues: '1erTRIM'!$F$5:$AG$5
Name GradeRange: General!$D$7:$D$19

Sheet General
J1: Docente: | P1: Trimestre Actual : | R1: PRIMER TRIMESTRE
B3: El sistema de calificación, esta definido por "Intervalo de Puntos" y "Nota" que aparecen más abajo. El total de Estudiantes con una nota determinada se calcula automáticamente en función de las calificaciones del Trimestre Actual.
B5: SISTEMA DE CALIFICACIÓN | I5: DISTRIBUCIÓN DE LAS NOTAS | O5: PUNTUACIONES PROMEDIO
B6: Intervalo de puntos | F6: Nota | G6: N.º de Estudiantes | I6: según el promedio de la clase | O6: por Dimensión
D7: 10000 | F7: =indirect("Overview!F8",TRUE) -> #REF! | G7: =countif(StudentGrades,$F7) -> 0
B8: 85 | C8: - | D8: 100 | F8: DP+ | G8: =COUNTIF('1erTRIM'!D8:D37,$F8) -> 0
B9: 68 | C9: - | D9: 84 | F9: DO | G9: =countif(StudentGrades,$F9) -> 0
B10: 51 | C10: - | D10: 67 | F10: DA | G10: =countif(StudentGrades,$F10) -> 0
B11: 20 | C11: - | D11: 50 | F11: ED- | G11: =countif(StudentGrades,$F11) -> 0
B13: DP+ | C13: Desarrollo Pleno
B14: DO | C14: Desarrollo Óptimo
B15: DA | C15: Desarrollo Aceptable
B16: ED- | C16: En Desarrollo
D18: 0
A19: 0

Sheet 1erTRIM
C1: NOTAS 1ER TRIMESTRE | F1: SER | L1: SABER | W1: HACER | AH1: DECIDIR | AN1: AUTOEVALUACIÓN | AP1: N.F.
F2: =IF(COUNT(F8:F37)=0,IF(F4="",0,1),IF(F4="",1,0)) -> 0 | G2: =IF(COUNT(G8:G37)=0,IF(G4="",0,1),IF(G4="",1,0)) -> 0 | H2: =IF(COUNT(H8:H37)=0,IF(H4="",0,1),IF(H4="",1,0)) -> 0 | I2: =IF(COUNT(I8:I37)=0,IF(I4="",0,1),IF(I4="",1,0)) -> 0 | J2: =IF(COUNT(J8:J37)=0,IF(J4="",0,1),IF(J4="",1,0)) -> 0 | L2: =IF(COUNT(L8:L37)=0,IF(L4="",0,1),IF(L4="",1,0)) -> 0 | M2: =IF(COUNT(M8:M37)=0,IF(M4="",0,1),IF(M4="",1,0)) -> 0 | N2: =IF(COUNT(N8:N37)=0,IF(N4="",0,1),IF(N4="",1,0)) -> 0 | O2: =IF(COUNT(O8:O37)=0,IF(O4="",0,1),IF(O4="",1,0)) -> 0 | P2: =IF(COUNT(P8:P37)=0,IF(P4="",0,1),IF(P4="",1,0)) -> 0 | Q2: =IF(COUNT(Q8:Q37)=0,IF(Q4="",0,1),IF(Q4="",1,0)) -> 0 | R2: =IF(COUNT(R8:R37)=0,IF(R4="",0,1),IF(R4="",1,0)) -> 0 | S2: =IF(COUNT(S8:S37)=0,IF(S4="",0,1),IF(S4="",1,0)) -> 0 | ... U2: =IF(COUNT(U8:U37)=0,IF(U4="",0,1),IF(U4="",1,0)) -> 0 | W2: =IF(COUNT(W8:W37)=0,IF(W4="",0,1),IF(W4="",1,0)) -> 0 | X2: =IF(COUNT(X8:X37)=0,IF(X4="",0,1),IF(X4="",1,0)) -> 0 | Y2: =IF(COUNT(Y8:Y37)=0,IF(Y4="",0,1),IF(Y4="",1,0)) -> 0 | Z2: =IF(COUNT(Z8:Z37)=0,IF(Z4="",0,1),IF(Z4="",1,0)) -> 0 | AA2: =IF(COUNT(AA8:AA37)=0,IF(AA4="",0,1),IF(AA4="",1,0)) -> 0 | AB2: =IF(COUNT(AB8:AB37)=0,IF(AB4="",0,1),IF(AB4="",1,0)) -> 0 | AC2: =IF(COUNT(AC8:AC37)=0,IF(AC4="",0,1),IF(AC4="",1,0)) -> 0 | AD2: =IF(COUNT(AD8:AD37)=0,IF(AD4="",0,1),IF(AD4="",1,0)) -> 0 | ... AF2: =IF(COUNT(AF8:AF37)=0,IF(AF4="",0,1),IF(AF4="",1,0)) -> 0 | AH2: =IF(COUNT(AH8:AH37)=0,IF(AH4="",0,1),IF(AH4="",1,0)) -> 0 | AI2: =IF(COUNT(AI8:AI37)=0,IF(AI4="",0,1),IF(AI4="",1,0)) -> 0 | AJ2: =IF(COUNT(AJ8:AJ37)=0,IF(AJ4="",0,1),IF(AJ4="",1,0)) -> 0 | AK2: =IF(COUNT(AK8:AK37)=0,IF(AK4="",0,1),IF(AK4="",1,0)) -> 0 | AL2: =IF(COUNT(AL8:AL37)=0,IF(AL4="",0,1),IF(AL4="",1,0)) -> 0
B3: =General!B1 | E3: FECHAS | AP3: NOTA 1ER TRIMESTRE
B4: =General!B2 | E4: EVALUACIONES | K4: SER 10% | V4: SABER 35% | AG4: HACER 35% | AM4: DECIDIR 10% | AN4: SER 5% | AO4: DECIDIR 5%
F5: =IF(COUNT(F8:F37)=0,IF(F3="",0,1),IF(F3="",1,0)) -> 0 | G5: =IF(COUNT(G8:G37)=0,IF(G3="",0,1),IF(G3="",1,0)) -> 0 | H5: =IF(COUNT(H8:H37)=0,IF(H3="",0,1),IF(H3="",1,0)) -> 0 | I5: =IF(COUNT(I8:I37)=0,IF(I3="",0,1),IF(I3="",1,0)) -> 0 | J5: =IF(COUNT(J8:J37)=0,IF(J3="",0,1),IF(J3="",1,0)) -> 0 | L5: =IF(COUNT(L8:L37)=0,IF(L3="",0,1),IF(L3="",1,0)) -> 0 | M5: =IF(COUNT(M8:M37)=0,IF(M3="",0,1),IF(M3="",1,0)) -> 0 | N5: =IF(COUNT(N8:N37)=0,IF(N3="",0,1),IF(N3="",1,0)) -> 0 | O5: =IF(COUNT(O8:O37)=0,IF(O3="",0,1),IF(O3="",1,0)) -> 0 | P5: =IF(COUNT(P8:P37)=0,IF(P3="",0,1),IF(P3="",1,0)) -> 0 | Q5: =IF(COUNT(Q8:Q37)=0,IF(Q3="",0,1),IF(Q3="",1,0)) -> 0 | R5: =IF(COUNT(R8:R37)=0,IF(R3="",0,1),IF(R3="",1,0)) -> 0 | S5: =IF(COUNT(S8:S37)=0,IF(S3="",0,1),IF(S3="",1,0)) -> 0 | ... U5: =IF(COUNT(U8:U37)=0,IF(U3="",0,1),IF(U3="",1,0)) -> 0 | W5: =IF(COUNT(W8:W37)=0,IF(W3="",0,1),IF(W3="",1,0)) -> 0 | X5: =IF(COUNT(X8:X37)=0,IF(X3="",0,1),IF(X3="",1,0)) -> 0 | Y5: =IF(COUNT(Y8:Y37)=0,IF(Y3="",0,1),IF(Y3="",1,0)) -> 0 | Z5: =IF(COUNT(Z8:Z37)=0,IF(Z3="",0,1),IF(Z3="",1,0)) -> 0 | AA5: =IF(COUNT(AA8:AA37)=0,IF(AA3="",0,1),IF(AA3="",1,0)) -> 0 | AB5: =IF(COUNT(AB8:AB37)=0,IF(AB3="",0,1),IF(AB3="",1,0)) -> 0 | AC5: =IF(COUNT(AC8:AC37)=0,IF(AC3="",0,1),IF(AC3="",1,0)) -> 0 | AD5: =IF(COUNT(AD8:AD37)=0,IF(AD3="",0,1),IF(AD3="",1,0)) -> 0 | ... AF5: =IF(COUNT(AF8:AF37)=0,IF(AF3="",0,1),IF(AF3="",1,0)) -> 0 | AH5: =IF(COUNT(AH8:AH37)=0,IF(AH3="",0,1),IF(AH3="",1,0)) -> 0 | AI5: =IF(COUNT(AI8:AI37)=0,IF(AI3="",0,1),IF(AI3="",1,0)) -> 0 | AJ5: =IF(COUNT(AJ8:AJ37)=0,IF(AJ3="",0,1),IF(AJ3="",1,0)) -> 0 | AK5: =IF(COUNT(AK8:AK37)=0,IF(AK3="",0,1),IF(AK3="",1,0)) -> 0 | AL5: =IF(COUNT(AL8:AL37)=0,IF(AL3="",0,1),IF(AL3="",1,0)) -> 0 | AN5: 5 | AO5: 5
D6: Total (acumulado): | E6: =if(sumifs(F5:AG5,F7:AG7,">=0")=0,1,sumifs(F5:AG5,F7:AG7,">=0")) -> 1
C7: Promedio de la clase | D7: {=iferror(index(Grades, match($E7*100,GradeRange,-1), 1),0)} | E7: =IFERROR(AP7/100,0) -> 0 | F7: =iferror(average(F8:F37)) | G7: =iferror(average(G8:G37)) | H7: =iferror(average(H8:H37)) | I7: =iferror(average(I8:I37)) | J7: =iferror(average(J8:J37)) | K7: =iferror(average(K8:K37)) | L7: =iferror(average(L8:L37)) | M7: =iferror(average(M8:M37)) | ... AP7: =iferror(average(AP8:AP37))
D8: {=IFERROR(index(Grades, match($E8*100,GradeRange,-1), 1))} | E8: =IFERROR((SUM(K8,V8,AG8,AM8,AN8,AO8))/100) -> 0 | K8: =IFERROR(ROUND(ROUND(AVERAGE(F8:J8),0)*0.1,0),"") | V8: =IFERROR(ROUND(ROUND(AVERAGE(L8:U8),0)*0.35,0),"") | AG8: =IFERROR(ROUND(ROUND(AVERAGE(W8:AF8),0)*0.35,0),"") | AM8: =IFERROR(ROUND(ROUND(AVERAGE(AH8:AL8),0)*0.1,0),"") | AP8: =IF(SUM(K8,V8,AG8,AM8,AN8,AO8)=0,"",SUM(K8,V8,AG8,AM8,AN8,AO8))
D9: {=IFERROR(index(Grades, match($E9*100,GradeRange,-1), 1))} | E9: =IFERROR((SUM(K9,V9,AG9,AM9,AN9,AO9))/100) -> 0 | K9: =IFERROR(ROUND(ROUND(AVERAGE(F9:J9),0)*0.1,0),"") | V9: =IFERROR(ROUND(ROUND(AVERAGE(L9:U9),0)*0.35,0),"") | AG9: =IFERROR(ROUND(ROUND(AVERAGE(W9:AF9),0)*0.35,0),"") | AM9: =IFERROR(ROUND(ROUND(AVERAGE(AH9:AL9),0)*0.1,0),"") | AP9: =IF(SUM(K9,V9,AG9,AM9,AN9,AO9)=0,"",SUM(K9,V9,AG9,AM9,AN9,AO9))
D10: {=IFERROR(index(Grades, match($E10*100,GradeRange,-1), 1))} | E10: =IFERROR((SUM(K10,V10,AG10,AM10,AN10,AO10))/100) -> 0 | K10: =IFERROR(ROUND(ROUND(AVERAGE(F10:J10),0)*0.1,0),"") | V10: =IFERROR(ROUND(ROUND(AVERAGE(L10:U10),0)*0.35,0),"") | AG10: =IFERROR(ROUND(ROUND(AVERAGE(W10:AF10),0)*0.35,0),"") | AM10: =IFERROR(ROUND(ROUND(AVERAGE(AH10:AL10),0)*0.1,0),"") | AP10: =IF(SUM(K10,V10,AG10,AM10,AN10,AO10)=0,"",SUM(K10,V10,AG10,AM10,AN10,AO10))
D11: {=IFERROR(index(Grades, match($E11*100,GradeRange,-1), 1))} | E11: =IFERROR((SUM(K11,V11,AG11,AM11,AN11,AO11))/100) -> 0 | K11: =IFERROR(ROUND(ROUND(AVERAGE(F11:J11),0)*0.1,0),"") | V11: =IFERROR(ROUND(ROUND(AVERAGE(L11:U11),0)*0.35,0),"") | AG11: =IFERROR(ROUND(ROUND(AVERAGE(W11:AF11),0)*0.35,0),"") | AM11: =IFERROR(ROUND(ROUND(AVERAGE(AH11:AL11),0)*0.1,0),"") | AP11: =IF(SUM(K11,V11,AG11,AM11,AN11,AO11)=0,"",SUM(K11,V11,AG11,AM11,AN11,AO11))
D12: {=IFERROR(index(Grades, match($E12*100,GradeRange,-1), 1))} | E12: =IFERROR((SUM(K12,V12,AG12,AM12,AN12,AO12))/100) -> 0 | K12: =IFERROR(ROUND(ROUND(AVERAGE(F12:J12),0)*0.1,0),"") | V12: =IFERROR(ROUND(ROUND(AVERAGE(L12:U12),0)*0.35,0),"") | AG12: =IFERROR(ROUND(ROUND(AVERAGE(W12:AF12),0)*0.35,0),"") | AM12: =IFERROR(ROUND(ROUND(AVERAGE(AH12:AL12),0)*0.1,0),"") | AP12: =IF(SUM(K12,V12,AG12,AM12,AN12,AO12)=0,"",SUM(K12,V12,AG12,AM12,AN12,AO12))
D13: {=IFERROR(index(Grades, match($E13*100,GradeRange,-1), 1))} | E13: =IFERROR((SUM(K13,V13,AG13,AM13,AN13,AO13))/100) -> 0 | K13: =IFERROR(ROUND(ROUND(AVERAGE(F13:J13),0)*0.1,0),"") | V13: =IFERROR(ROUND(ROUND(AVERAGE(L13:U13),0)*0.35,0),"") | AG13: =IFERROR(ROUND(ROUND(AVERAGE(W13:AF13),0)*0.35,0),"") | AM13: =IFERROR(ROUND(ROUND(AVERAGE(AH13:AL13),0)*0.1,0),"") | AP13: =IF(SUM(K13,V13,AG13,AM13,AN13,AO13)=0,"",SUM(K13,V13,AG13,AM13,AN13,AO13))
D14: {=IFERROR(index(Grades, match($E14*100,GradeRange,-1), 1))} | E14: =IFERROR((SUM(K14,V14,AG14,AM14,AN14,AO14))/100) -> 0 | K14: =IFERROR(ROUND(ROUND(AVERAGE(F14:J14),0)*0.1,0),"") | V14: =IFERROR(ROUND(ROUND(AVERAGE(L14:U14),0)*0.35,0),"") | AG14: =IFERROR(ROUND(ROUND(AVERAGE(W14:AF14),0)*0.35,0),"") | AM14: =IFERROR(ROUND(ROUND(AVERAGE(AH14:AL14),0)*0.1,0),"") | AP14: =IF(SUM(K14,V14,AG14,AM14,AN14,AO14)=0,"",SUM(K14,V14,AG14,AM14,AN14,AO14))
D15: {=IFERROR(index(Grades, match($E15*100,GradeRange,-1), 1))} | E15: =IFERROR((SUM(K15,V15,AG15,AM15,AN15,AO15))/100) -> 0 | K15: =IFERROR(ROUND(ROUND(AVERAGE(F15:J15),0)*0.1,0),"") | V15: =IFERROR(ROUND(ROUND(AVERAGE(L15:U15),0)*0.35,0),"") | AG15: =IFERROR(ROUND(ROUND(AVERAGE(W15:AF15),0)*0.35,0),"") | AM15: =IFERROR(ROUND(ROUND(AVERAGE(AH15:AL15),0)*0.1,0),"") | AP15: =IF(SUM(K15,V15,AG15,AM15,AN15,AO15)=0,"",SUM(K15,V15,AG15,AM15,AN15,AO15))
D16: {=IFERROR(index(Grades, match($E16*100,GradeRange,-1), 1))} | E16: =IFERROR((SUM(K16,V16,AG16,AM16,AN16,AO16))/100) -> 0 | K16: =IFERROR(ROUND(ROUND(AVERAGE(F16:J16),0)*0.1,0),"") | V16: =IFERROR(ROUND(ROUND(AVERAGE(L16:U16),0)*0.35,0),"") | AG16: =IFERROR(ROUND(ROUND(AVERAGE(W16:AF16),0)*0.35,0),"") | AM16: =IFERROR(ROUND(ROUND(AVERAGE(AH16:AL16),0)*0.1,0),"") | AP16: =IF(SUM(K16,V16,AG16,AM16,AN16,AO16)=0,"",SUM(K16,V16,AG16,AM16,AN16,AO16))
D17: {=IFERROR(index(Grades, match($E17*100,GradeRange,-1), 1))} | E17: =IFERROR((SUM(K17,V17,AG17,AM17,AN17,AO17))/100) -> 0 | K17: =IFERROR(ROUND(ROUND(AVERAGE(F17:J17),0)*0.1,0),"") | V17: =IFERROR(ROUND(ROUND(AVERAGE(L17:U17),0)*0.35,0),"") | AG17: =IFERROR(ROUND(ROUND(AVERAGE(W17:AF17),0)*0.35,0),"") | AM17: =IFERROR(ROUND(ROUND(AVERAGE(AH17:AL17),0)*0.1,0),"") | AP17: =IF(SUM(K17,V17,AG17,AM17,AN17,AO17)=0,"",SUM(K17,V17,AG17,AM17,AN17,AO17))
D18: {=IFERROR(index(Grades, match($E18*100,GradeRange,-1), 1))} | E18: =IFERROR((SUM(K18,V18,AG18,AM18,AN18,AO18))/100) -> 0 | K18: =IFERROR(ROUND(ROUND(AVERAGE(F18:J18),0)*0.1,0),"") | V18: =IFERROR(ROUND(ROUND(AVERAGE(L18:U18),0)*0.35,0),"") | AG18: =IFERROR(ROUND(ROUND(AVERAGE(W18:AF18),0)*0.35,0),"") | AM18: =IFERROR(ROUND(ROUND(AVERAGE(AH18:AL18),0)*0.1,0),"") | AP18: =IF(SUM(K18,V18,AG18,AM18,AN18,AO18)=0,"",SUM(K18,V18,AG18,AM18,AN18,AO18))
D19: {=IFERROR(index(Grades, match($E19*100,GradeRange,-1), 1))} | E19: =IFERROR((SUM(K19,V19,AG19,AM19,AN19,AO19))/100) -> 0 | K19: =IFERROR(ROUND(ROUND(AVERAGE(F19:J19),0)*0.1,0),"") | V19: =IFERROR(ROUND(ROUND(AVERAGE(L19:U19),0)*0.35,0),"") | AG19: =IFERROR(ROUND(ROUND(AVERAGE(W19:AF19),0)*0.35,0),"") | AM19: =IFERROR(ROUND(ROUND(AVERAGE(AH19:AL19),0)*0.1,0),"") | AP19: =IF(SUM(K19,V19,AG19,AM19,AN19,AO19)=0,"",SUM(K19,V19,AG19,AM19,AN19,AO19))
... D37: {=IFERROR(index(Grades, match($E37*100,GradeRange,-1), 1))} | E37: =IFERROR((SUM(K37,V37,AG37,AM37,AN37,AO37))/100) -> 0 | K37: =IFERROR(ROUND(ROUND(AVERAGE(F37:J37),0)*0.1,0),"") | V37: =IFERROR(ROUND(ROUND(AVERAGE(L37:U37),0)*0.35,0),"") | AG37: =IFERROR(ROUND(ROUND(AVERAGE(W37:AF37),0)*0.35,0),"") | AM37: =IFERROR(ROUND(ROUND(AVERAGE(AH37:AL37),0)*0.1,0),"") | AP37: =IF(SUM(K37,V37,AG37,AM37,AN37,AO37)=0,"",SUM(K37,V37,AG37,AM37,AN37,AO37))
C38: =COUNTA(C8:C37) -> 0 | F38: =IF(OR(COUNT(F8:F37)=$C$38,COUNT(F8:F37)=0),0,1) -> 0 | G38: =IF(OR(COUNT(G8:G37)=$C$38,COUNT(G8:G37)=0),0,1) -> 0 | H38: =IF(OR(COUNT(H8:H37)=$C$38,COUNT(H8:H37)=0),0,1) -> 0 | I38: =IF(OR(COUNT(I8:I37)=$C$38,COUNT(I8:I37)=0),0,1) -> 0 | J38: =IF(OR(COUNT(J8:J37)=$C$38,COUNT(J8:J37)=0),0,1) -> 0 | K38: =IF(OR(COUNT(K8:K37)=$C$38,COUNT(K8:K37)=0),0,1) -> 0 | L38: =IF(OR(COUNT(L8:L37)=$C$38,COUNT(L8:L37)=0),0,1) -> 0 | M38: =IF(OR(COUNT(M8:M37)=$C$38,COUNT(M8:M37)=0),0,1) -> 0 | ... AF38: =IF(OR(COUNT(AF8:AF37)=$C$38,COUNT(AF8:AF37)=0),0,1) -> 0 | AH38: =IF(OR(COUNT(AH8:AH37)=$C$38,COUNT(AH8:AH37)=0),0,1) -> 0 | AI38: =IF(OR(COUNT(AI8:AI37)=$C$38,COUNT(AI8:AI37)=0),0,1) -> 0 | AJ38: =IF(OR(COUNT(AJ8:AJ37)=$C$38,COUNT(AJ8:AJ37)=0),0,1) -> 0 | AK38: =IF(OR(COUNT(AK8:AK37)=$C$38,COUNT(AK8:AK37)=0),0,1) -> 0 | AL38: =IF(OR(COUNT(AL8:AL37)=$C$38,COUNT(AL8:AL37)=0),0,1) -> 0 | AN38: =IF(OR(COUNT(AN8:AN37)=$C$38,COUNT(AN8:AN37)=0),0,1) -> 0 | AO38: =IF(OR(COUNT(AO8:AO37)=$C$38,COUNT(AO8:AO37)=0),0,1) -> 0 | AP38: =SUM(F38:AO38) -> 0
B39: MEDIANAS | F39: =IFERROR(MEDIAN(F8:F37),0) -> 0 | G39: =IFERROR(MEDIAN(G8:G37),0) -> 0 | H39: =IFERROR(MEDIAN(H8:H37),0) -> 0 | I39: =IFERROR(MEDIAN(I8:I37),0) -> 0 | J39: =IFERROR(MEDIAN(J8:J37),0) -> 0 | K39: =IFERROR(MEDIAN(K8:K37),0) -> 0 | L39: =IFERROR(MEDIAN(L8:L37),0) -> 0 | M39: =IFERROR(MEDIAN(M8:M37),0) -> 0 | ... AP39: =IFERROR(MEDIAN(AP8:AP37),0) -> 0
B40: NOTA MÁXIMA | F40: =MAX(F8:F37) -> 0 | G40: =MAX(G8:G37) -> 0 | H40: =MAX(H8:H37) -> 0 | I40: =MAX(I8:I37) -> 0 | J40: =MAX(J8:J37) -> 0 | K40: =MAX(K8:K37) -> 0 | L40: =MAX(L8:L37) -> 0 | M40: =MAX(M8:M37) -> 0 | ... AP40: =MAX(AP8:AP37) -> 0
A41: 1 | B41: NOTA MÍNIMA | F41: =MIN(F9:F37) -> 0 | G41: =MIN(G9:G37) -> 0 | H41: =MIN(H9:H37) -> 0 | I41: =MIN(I9:I37) -> 0 | J41: =MIN(J9:J37) -> 0 | K41: =MIN(K9:K37) -> 0 | L41: =MIN(L9:L37) -> 0 | M41: =MIN(M9:M37) -> 0 | ... AP41: =MIN(AP9:AP37) -> 0

Sheet 2doTRIM
C1: NOTAS 2DO TRIMESTRE | F1: SER | L1: SABER | W1: HACER | AH1: DECIDIR | AN1: AUTOEVALUACIÓN | AP1: N.F.
F2: =IF(COUNT(F8:F37)=0,IF(F4="",0,1),IF(F4="",1,0)) -> 0 | G2: =IF(COUNT(G8:G37)=0,IF(G4="",0,1),IF(G4="",1,0)) -> 0 | H2: =IF(COUNT(H8:H37)=0,IF(H4="",0,1),IF(H4="",1,0)) -> 0 | I2: =IF(COUNT(I8:I37)=0,IF(I4="",0,1),IF(I4="",1,0)) -> 0 | J2: =IF(COUNT(J8:J37)=0,IF(J4="",0,1),IF(J4="",1,0)) -> 0 | L2: =IF(COUNT(L8:L37)=0,IF(L4="",0,1),IF(L4="",1,0)) -> 0 | M2: =IF(COUNT(M8:M37)=0,IF(M4="",0,1),IF(M4="",1,0)) -> 0 | N2: =IF(COUNT(N8:N37)=0,IF(N4="",0,1),IF(N4="",1,0)) -> 0 | O2: =IF(COUNT(O8:O37)=0,IF(O4="",0,1),IF(O4="",1,0)) -> 0 | P2: =IF(COUNT(P8:P37)=0,IF(P4="",0,1),IF(P4="",1,0)) -> 0 | Q2: =IF(COUNT(Q8:Q37)=0,IF(Q4="",0,1),IF(Q4="",1,0)) -> 0 | R2: =IF(COUNT(R8:R37)=0,IF(R4="",0,1),IF(R4="",1,0)) -> 0 | S2: =IF(COUNT(S8:S37)=0,IF(S4="",0,1),IF(S4="",1,0)) -> 0 | ... U2: =IF(COUNT(U8:U37)=0,IF(U4="",0,1),IF(U4="",1,0)) -> 0 | W2: =IF(COUNT(W8:W37)=0,IF(W4="",0,1),IF(W4="",1,0)) -> 0 | X2: =IF(COUNT(X8:X37)=0,IF(X4="",0,1),IF(X4="",1,0)) -> 0 | Y2: =IF(COUNT(Y8:Y37)=0,IF(Y4="",0,1),IF(Y4="",1,0)) -> 0 | Z2: =IF(COUNT(Z8:Z37)=0,IF(Z4="",0,1),IF(Z4="",1,0)) -> 0 | AA2: =IF(COUNT(AA8:AA37)=0,IF(AA4="",0,1),IF(AA4="",1,0)) -> 0 | AB2: =IF(COUNT(AB8:AB37)=0,IF(AB4="",0,1),IF(AB4="",1,0)) -> 0 | AC2: =IF(COUNT(AC8:AC37)=0,IF(AC4="",0,1),IF(AC4="",1,0)) -> 0 | AD2: =IF(COUNT(AD8:AD37)=0,IF(AD4="",0,1),IF(AD4="",1,0)) -> 0 | ... AF2: =IF(COUNT(AF8:AF37)=0,IF(AF4="",0,1),IF(AF4="",1,0)) -> 0 | AH2: =IF(COUNT(AH8:AH37)=0,IF(AH4="",0,1),IF(AH4="",1,0)) -> 0 | AI2: =IF(COUNT(AI8:AI37)=0,IF(AI4="",0,1),IF(AI4="",1,0)) -> 0 | AJ2: =IF(COUNT(AJ8:AJ37)=0,IF(AJ4="",0,1),IF(AJ4="",1,0)) -> 0 | AK2: =IF(COUNT(AK8:AK37)=0,IF(AK4="",0,1),IF(AK4="",1,0)) -> 0 | AL2: =IF(COUNT(AL8:AL37)=0,IF(AL4="",0,1),IF(AL4="",1,0)) -> 0
B3: =General!B1 | E3: FECHAS | AP3: NOTA 2DO TRIMESTRE
B4: =General!B2 | E4: EVALUACIONES | K4: SER 10% | V4: SABER 35% | AG4: HACER 35% | AM4: DECIDIR 10% | AN4: SER 5% | AO4: DECIDIR 5%
F5: =IF(COUNT(F8:F37)=0,IF(F3="",0,1),IF(F3="",1,0)) -> 0 | G5: =IF(COUNT(G8:G37)=0,IF(G3="",0,1),IF(G3="",1,0)) -> 0 | H5: =IF(COUNT(H8:H37)=0,IF(H3="",0,1),IF(H3="",1,0)) -> 0 | I5: =IF(COUNT(I8:I37)=0,IF(I3="",0,1),IF(I3="",1,0)) -> 0 | J5: =IF(COUNT(J8:J37)=0,IF(J3="",0,1),IF(J3="",1,0)) -> 0 | L5: =IF(COUNT(L8:L37)=0,IF(L3="",0,1),IF(L3="",1,0)) -> 0 | M5: =IF(COUNT(M8:M37)=0,IF(M3="",0,1),IF(M3="",1,0)) -> 0 | N5: =IF(COUNT(N8:N37)=0,IF(N3="",0,1),IF(N3="",1,0)) -> 0 | O5: =IF(COUNT(O8:O37)=0,IF(O3="",0,1),IF(O3="",1,0)) -> 0 | P5: =IF(COUNT(P8:P37)=0,IF(P3="",0,1),IF(P3="",1,0)) -> 0 | Q5: =IF(COUNT(Q8:Q37)=0,IF(Q3="",0,1),IF(Q3="",1,0)) -> 0 | R5: =IF(COUNT(R8:R37)=0,IF(R3="",0,1),IF(R3="",1,0)) -> 0 | S5: =IF(COUNT(S8:S37)=0,IF(S3="",0,1),IF(S3="",1,0)) -> 0 | ... U5: =IF(COUNT(U8:U37)=0,IF(U3="",0,1),IF(U3="",1,0)) -> 0 | W5: =IF(COUNT(W8:W37)=0,IF(W3="",0,1),IF(W3="",1,0)) -> 0 | X5: =IF(COUNT(X8:X37)=0,IF(X3="",0,1),IF(X3="",1,0)) -> 0 | Y5: =IF(COUNT(Y8:Y37)=0,IF(Y3="",0,1),IF(Y3="",1,0)) -> 0 | Z5: =IF(COUNT(Z8:Z37)=0,IF(Z3="",0,1),IF(Z3="",1,0)) -> 0 | AA5: =IF(COUNT(AA8:AA37)=0,IF(AA3="",0,1),IF(AA3="",1,0)) -> 0 | AB5: =IF(COUNT(AB8:AB37)=0,IF(AB3="",0,1),IF(AB3="",1,0)) -> 0 | AC5: =IF(COUNT(AC8:AC37)=0,IF(AC3="",0,1),IF(AC3="",1,0)) -> 0 | AD5: =IF(COUNT(AD8:AD37)=0,IF(AD3="",0,1),IF(AD3="",1,0)) -> 0 | ... AF5: =IF(COUNT(AF8:AF37)=0,IF(AF3="",0,1),IF(AF3="",1,0)) -> 0 | AH5: =IF(COUNT(AH8:AH37)=0,IF(AH3="",0,1),IF(AH3="",1,0)) -> 0 | AI5: =IF(COUNT(AI8:AI37)=0,IF(AI3="",0,1),IF(AI3="",1,0)) -> 0 | AJ5: =IF(COUNT(AJ8:AJ37)=0,IF(AJ3="",0,1),IF(AJ3="",1,0)) -> 0 | AK5: =IF(COUNT(AK8:AK37)=0,IF(AK3="",0,1),IF(AK3="",1,0)) -> 0 | AL5: =IF(COUNT(AL8:AL37)=0,IF(AL3="",0,1),IF(AL3="",1,0)) -> 0 | AN5: 5 | AO5: 5
D6: Total (acumulado): | E6: =if(sumifs(F5:AG5,F7:AG7,">=0")=0,1,sumifs(F5:AG5,F7:AG7,">=0")) -> 1
C7: Promedio de la clase | D7: {=iferror(index(Grades, match($E7*100,GradeRange,-1), 1),0)} | E7: =IFERROR(AP7/100,0) -> 0 | F7: =iferror(average(F8:F37)) | G7: =iferror(average(G8:G37)) | H7: =iferror(average(H8:H37)) | I7: =iferror(average(I8:I37)) | J7: =iferror(average(J8:J37)) | K7: =iferror(average(K8:K37)) | L7: =iferror(average(L8:L37)) | M7: =iferror(average(M8:M37)) | ... AP7: =iferror(average(AP8:AP37))
A8: ='1erTRIM'!A8 | B8: ='1erTRIM'!B8 | C8: ='1erTRIM'!C8 | D8: {=IFERROR(index(Grades, match($E8*100,GradeRange,-1), 1))} | E8: =IFERROR((SUM(K8,V8,AG8,AM8,AN8,AO8))/100) -> 0 | K8: =IFERROR(ROUND(ROUND(AVERAGE(F8:J8),0)*0.1,0),"") | V8: =IFERROR(ROUND(ROUND(AVERAGE(L8:U8),0)*0.35,0),"") | AG8: =IFERROR(ROUND(ROUND(AVERAGE(W8:AF8),0)*0.35,0),"") | AM8: =IFERROR(ROUND(ROUND(AVERAGE(AH8:AL8),0)*0.1,0),"") | AP8: =IF(SUM(K8,V8,AG8,AM8,AN8,AO8)=0,"",SUM(K8,V8,AG8,AM8,AN8,AO8))
A9: ='1erTRIM'!A9 | B9: ='1erTRIM'!B9 | C9: ='1erTRIM'!C9 | D9: {=IFERROR(index(Grades, match($E9*100,GradeRange,-1), 1))} | E9: =IFERROR((SUM(K9,V9,AG9,AM9,AN9,AO9))/100) -> 0 | K9: =IFERROR(ROUND(ROUND(AVERAGE(F9:J9),0)*0.1,0),"") | V9: =IFERROR(ROUND(ROUND(AVERAGE(L9:U9),0)*0.35,0),"") | AG9: =IFERROR(ROUND(ROUND(AVERAGE(W9:AF9),0)*0.35,0),"") | AM9: =IFERROR(ROUND(ROUND(AVERAGE(AH9:AL9),0)*0.1,0),"") | AP9: =IF(SUM(K9,V9,AG9,AM9,AN9,AO9)=0,"",SUM(K9,V9,AG9,AM9,AN9,AO9))
A10: ='1erTRIM'!A10 | B10: ='1erTRIM'!B10 | C10: ='1erTRIM'!C10 | D10: {=IFERROR(index(Grades, match($E10*100,GradeRange,-1), 1))} | E10: =IFERROR((SUM(K10,V10,AG10,AM10,AN10,AO10))/100) -> 0 | K10: =IFERROR(ROUND(ROUND(AVERAGE(F10:J10),0)*0.1,0),"") | V10: =IFERROR(ROUND(ROUND(AVERAGE(L10:U10),0)*0.35,0),"") | AG10: =IFERROR(ROUND(ROUND(AVERAGE(W10:AF10),0)*0.35,0),"") | AM10: =IFERROR(ROUND(ROUND(AVERAGE(AH10:AL10),0)*0.1,0),"") | AP10: =IF(SUM(K10,V10,AG10,AM10,AN10,AO10)=0,"",SUM(K10,V10,AG10,AM10,AN10,AO10))
A11: ='1erTRIM'!A11 | B11: ='1erTRIM'!B11 | C11: ='1erTRIM'!C11 | D11: {=IFERROR(index(Grades, match($E11*100,GradeRange,-1), 1))} | E11: =IFERROR((SUM(K11,V11,AG11,AM11,AN11,AO11))/100) -> 0 | K11: =IFERROR(ROUND(ROUND(AVERAGE(F11:J11),0)*0.1,0),"") | V11: =IFERROR(ROUND(ROUND(AVERAGE(L11:U11),0)*0.35,0),"") | AG11: =IFERROR(ROUND(ROUND(AVERAGE(W11:AF11),0)*0.35,0),"") | AM11: =IFERROR(ROUND(ROUND(AVERAGE(AH11:AL11),0)*0.1,0),"") | AP11: =IF(SUM(K11,V11,AG11,AM11,AN11,AO11)=0,"",SUM(K11,V11,AG11,AM11,AN11,AO11))
A12: ='1erTRIM'!A12 | B12: ='1erTRIM'!B12 | C12: ='1erTRIM'!C12 | D12: {=IFERROR(index(Grades, match($E12*100,GradeRange,-1), 1))} | E12: =IFERROR((SUM(K12,V12,AG12,AM12,AN12,AO12))/100) -> 0 | K12: =IFERROR(ROUND(ROUND(AVERAGE(F12:J12),0)*0.1,0),"") | V12: =IFERROR(ROUND(ROUND(AVERAGE(L12:U12),0)*0.35,0),"") | AG12: =IFERROR(ROUND(ROUND(AVERAGE(W12:AF12),0)*0.35,0),"") | AM12: =IFERROR(ROUND(ROUND(AVERAGE(AH12:AL12),0)*0.1,0),"") | AP12: =IF(SUM(K12,V12,AG12,AM12,AN12,AO12)=0,"",SUM(K12,V12,AG12,AM12,AN12,AO12))
A13: ='1erTRIM'!A13 | B13: ='1erTRIM'!B13 | C13: ='1erTRIM'!C13 | D13: {=IFERROR(index(Grades, match($E13*100,GradeRange,-1), 1))} | E13: =IFERROR((SUM(K13,V13,AG13,AM13,AN13,AO13))/100) -> 0 | K13: =IFERROR(ROUND(ROUND(AVERAGE(F13:J13),0)*0.1,0),"") | V13: =IFERROR(ROUND(ROUND(AVERAGE(L13:U13),0)*0.35,0),"") | AG13: =IFERROR(ROUND(ROUND(AVERAGE(W13:AF13),0)*0.35,0),"") | AM13: =IFERROR(ROUND(ROUND(AVERAGE(AH13:AL13),0)*0.1,0),"") | AP13: =IF(SUM(K13,V13,AG13,AM13,AN13,AO13)=0,"",SUM(K13,V13,AG13,AM13,AN13,AO13))
A14: ='1erTRIM'!A14 | B14: ='1erTRIM'!B14 | C14: ='1erTRIM'!C14 | D14: {=IFERROR(index(Grades, match($E14*100,GradeRange,-1), 1))} | E14: =IFERROR((SUM(K14,V14,AG14,AM14,AN14,AO14))/100) -> 0 | K14: =IFERROR(ROUND(ROUND(AVERAGE(F14:J14),0)*0.1,0),"") | V14: =IFERROR(ROUND(ROUND(AVERAGE(L14:U14),0)*0.35,0),"") | AG14: =IFERROR(ROUND(ROUND(AVERAGE(W14:AF14),0)*0.35,0),"") | AM14: =IFERROR(ROUND(ROUND(AVERAGE(AH14:AL14),0)*0.1,0),"") | AP14: =IF(SUM(K14,V14,AG14,AM14,AN14,AO14)=0,"",SUM(K14,V14,AG14,AM14,AN14,AO14))
A15: ='1erTRIM'!A15 | B15: ='1erTRIM'!B15 | C15: ='1erTRIM'!C15 | D15: {=IFERROR(index(Grades, match($E15*100,GradeRange,-1), 1))} | E15: =IFERROR((SUM(K15,V15,AG15,AM15,AN15,AO15))/100) -> 0 | K15: =IFERROR(ROUND(ROUND(AVERAGE(F15:J15),0)*0.1,0),"") | V15: =IFERROR(ROUND(ROUND(AVERAGE(L15:U15),0)*0.35,0),"") | AG15: =IFERROR(ROUND(ROUND(AVERAGE(W15:AF15),0)*0.35,0),"") | AM15: =IFERROR(ROUND(ROUND(AVERAGE(AH15:AL15),0)*0.1,0),"") | AP15: =IF(SUM(K15,V15,AG15,AM15,AN15,AO15)=0,"",SUM(K15,V15,AG15,AM15,AN15,AO15))
A16: ='1erTRIM'!A16 | B16: ='1erTRIM'!B16 | C16: ='1erTRIM'!C16 | D16: {=IFERROR(index(Grades, match($E16*100,GradeRange,-1), 1))} | E16: =IFERROR((SUM(K16,V16,AG16,AM16,AN16,AO16))/100) -> 0 | K16: =IFERROR(ROUND(ROUND(AVERAGE(F16:J16),0)*0.1,0),"") | V16: =IFERROR(ROUND(ROUND(AVERAGE(L16:U16),0)*0.35,0),"") | AG16: =IFERROR(ROUND(ROUND(AVERAGE(W16:AF16),0)*0.35,0),"") | AM16: =IFERROR(ROUND(ROUND(AVERAGE(AH16:AL16),0)*0.1,0),"") | AP16: =IF(SUM(K16,V16,AG16,AM16,AN16,AO16)=0,"",SUM(K16,V16,AG16,AM16,AN16,AO16))
A17: ='1erTRIM'!A17 | B17: ='1erTRIM'!B17 | C17: ='1erTRIM'!C17 | D17: {=IFERROR(index(Grades, match($E17*100,GradeRange,-1), 1))} | E17: =IFERROR((SUM(K17,V17,AG17,AM17,AN17,AO17))/100) -> 0 | K17: =IFERROR(ROUND(ROUND(AVERAGE(F17:J17),0)*0.1,0),"") | V17: =IFERROR(ROUND(ROUND(AVERAGE(L17:U17),0)*0.35,0),"") | AG17: =IFERROR(ROUND(ROUND(AVERAGE(W17:AF17),0)*0.35,0),"") | AM17: =IFERROR(ROUND(ROUND(AVERAGE(AH17:AL17),0)*0.1,0),"") | AP17: =IF(SUM(K17,V17,AG17,AM17,AN17,AO17)=0,"",SUM(K17,V17,AG17,AM17,AN17,AO17))
A18: ='1erTRIM'!A18 | B18: ='1erTRIM'!B18 | C18: ='1erTRIM'!C18 | D18: {=IFERROR(index(Grades, match($E18*100,GradeRange,-1), 1))} | E18: =IFERROR((SUM(K18,V18,AG18,AM18,AN18,AO18))/100) -> 0 | K18: =IFERROR(ROUND(ROUND(AVERAGE(F18:J18),0)*0.1,0),"") | V18: =IFERROR(ROUND(ROUND(AVERAGE(L18:U18),0)*0.35,0),"") | AG18: =IFERROR(ROUND(ROUND(AVERAGE(W18:AF18),0)*0.35,0),"") | AM18: =IFERROR(ROUND(ROUND(AVERAGE(AH18:AL18),0)*0.1,0),"") | AP18: =IF(SUM(K18,V18,AG18,AM18,AN18,AO18)=0,"",SUM(K18,V18,AG18,AM18,AN18,AO18))
A19: ='1erTRIM'!A19 | B19: ='1erTRIM'!B19 | C19: ='1erTRIM'!C19 | D19: {=IFERROR(index(Grades, match($E19*100,GradeRange,-1), 1))} | E19: =IFERROR((SUM(K19,V19,AG19,AM19,AN19,AO19))/100) -> 0 | K19: =IFERROR(ROUND(ROUND(AVERAGE(F19:J19),0)*0.1,0),"") | V19: =IFERROR(ROUND(ROUND(AVERAGE(L19:U19),0)*0.35,0),"") | AG19: =IFERROR(ROUND(ROUND(AVERAGE(W19:AF19),0)*0.35,0),"") | AM19: =IFERROR(ROUND(ROUND(AVERAGE(AH19:AL19),0)*0.1,0),"") | AP19: =IF(SUM(K19,V19,AG19,AM19,AN19,AO19)=0,"",SUM(K19,V19,AG19,AM19,AN19,AO19))
... A37: ='1erTRIM'!A37 | B37: ='1erTRIM'!B37 | C37: ='1erTRIM'!C37 | D37: {=IFERROR(index(Grades, match($E37*100,GradeRange,-1), 1))} | E37: =IFERROR((SUM(K37,V37,AG37,AM37,AN37,AO37))/100) -> 0 | K37: =IFERROR(ROUND(ROUND(AVERAGE(F37:J37),0)*0.1,0),"") | V37: =IFERROR(ROUND(ROUND(AVERAGE(L37:U37),0)*0.35,0),"") | AG37: =IFERROR(ROUND(ROUND(AVERAGE(W37:AF37),0)*0.35,0),"") | AM37: =IFERROR(ROUND(ROUND(AVERAGE(AH37:AL37),0)*0.1,0),"") | AP37: =IF(SUM(K37,V37,AG37,AM37,AN37,AO37)=0,"",SUM(K37,V37,AG37,AM37,AN37,AO37))
C38: =COUNTA(C8:C37) -> 0 | F38: =IF(OR(COUNT(F8:F37)=$C$38,COUNT(F8:F37)=0),0,1) -> 0 | G38: =IF(OR(COUNT(G8:G37)=$C$38,COUNT(G8:G37)=0),0,1) -> 0 | H38: =IF(OR(COUNT(H8:H37)=$C$38,COUNT(H8:H37)=0),0,1) -> 0 | I38: =IF(OR(COUNT(I8:I37)=$C$38,COUNT(I8:I37)=0),0,1) -> 0 | J38: =IF(OR(COUNT(J8:J37)=$C$38,COUNT(J8:J37)=0),0,1) -> 0 | K38: =IF(OR(COUNT(K8:K37)=$C$38,COUNT(K8:K37)=0),0,1) -> 0 | L38: =IF(OR(COUNT(L8:L37)=$C$38,COUNT(L8:L37)=0),0,1) -> 0 | M38: =IF(OR(COUNT(M8:M37)=$C$38,COUNT(M8:M37)=0),0,1) -> 0 | ... AF38: =IF(OR(COUNT(AF8:AF37)=$C$38,COUNT(AF8:AF37)=0),0,1) -> 0 | AH38: =IF(OR(COUNT(AH8:AH37)=$C$38,COUNT(AH8:AH37)=0),0,1) -> 0 | AI38: =IF(OR(COUNT(AI8:AI37)=$C$38,COUNT(AI8:AI37)=0),0,1) -> 0 | AJ38: =IF(OR(COUNT(AJ8:AJ37)=$C$38,COUNT(AJ8:AJ37)=0),0,1) -> 0 | AK38: =IF(OR(COUNT(AK8:AK37)=$C$38,COUNT(AK8:AK37)=0),0,1) -> 0 | AL38: =IF(OR(COUNT(AL8:AL37)=$C$38,COUNT(AL8:AL37)=0),0,1) -> 0 | AN38: =IF(OR(COUNT(AN8:AN37)=$C$38,COUNT(AN8:AN37)=0),0,1) -> 0 | AO38: =IF(OR(COUNT(AO8:AO37)=$C$38,COUNT(AO8:AO37)=0),0,1) -> 0 | AP38: =SUM(F38:AO38) -> 0
B39: MEDIANAS | F39: =IFERROR(MEDIAN(F8:F37),0) -> 0 | G39: =IFERROR(MEDIAN(G8:G37),0) -> 0 | H39: =IFERROR(MEDIAN(H8:H37),0) -> 0 | I39: =IFERROR(MEDIAN(I8:I37),0) -> 0 | J39: =IFERROR(MEDIAN(J8:J37),0) -> 0 | K39: =IFERROR(MEDIAN(K8:K37),0) -> 0 | L39: =IFERROR(MEDIAN(L8:L37),0) -> 0 | M39: =IFERROR(MEDIAN(M8:M37),0) -> 0 | ... AP39: =IFERROR(MEDIAN(AP8:AP37),0) -> 0
B40: NOTA MÁXIMA | F40: =MAX(F8:F37) -> 0 | G40: =MAX(G8:G37) -> 0 | H40: =MAX(H8:H37) -> 0 | I40: =MAX(I8:I37) -> 0 | J40: =MAX(J8:J37) -> 0 | K40: =MAX(K8:K37) -> 0 | L40: =MAX(L8:L37) -> 0 | M40: =MAX(M8:M37) -> 0 | ... AP40: =MAX(AP8:AP37) -> 0
A41: 2 | B41: NOTA MÍNIMA | F41: =MIN(F9:F37) -> 0 | G41: =MIN(G9:G37) -> 0 | H41: =MIN(H9:H37) -> 0 | I41: =MIN(I9:I37) -> 0 | J41: =MIN(J9:J37) -> 0 | K41: =MIN(K9:K37) -> 0 | L41: =MIN(L9:L37) -> 0 | M41: =MIN(M9:M37) -> 0 | ... AP41: =MIN(AP9:AP37) -> 0

Sheet 3erTRIM
C1: NOTAS 3ER TRIMESTRE | F1: SER | L1: SABER | W1: HACER | AH1: DECIDIR | AN1: AUTOEVALUACIÓN | AP1: N.F.
F2: =IF(COUNT(F8:F37)=0,IF(F4="",0,1),IF(F4="",1,0)) -> 0 | G2: =IF(COUNT(G8:G37)=0,IF(G4="",0,1),IF(G4="",1,0)) -> 0 | H2: =IF(COUNT(H8:H37)=0,IF(H4="",0,1),IF(H4="",1,0)) -> 0 | I2: =IF(COUNT(I8:I37)=0,IF(I4="",0,1),IF(I4="",1,0)) -> 0 | J2: =IF(COUNT(J8:J37)=0,IF(J4="",0,1),IF(J4="",1,0)) -> 0 | L2: =IF(COUNT(L8:L37)=0,IF(L4="",0,1),IF(L4="",1,0)) -> 0 | M2: =IF(COUNT(M8:M37)=0,IF(M4="",0,1),IF(M4="",1,0)) -> 0 | N2: =IF(COUNT(N8:N37)=0,IF(N4="",0,1),IF(N4="",1,0)) -> 0 | O2: =IF(COUNT(O8:O37)=0,IF(O4="",0,1),IF(O4="",1,0)) -> 0 | P2: =IF(COUNT(P8:P37)=0,IF(P4="",0,1),IF(P4="",1,0)) -> 0 | Q2: =IF(COUNT(Q8:Q37)=0,IF(Q4="",0,1),IF(Q4="",1,0)) -> 0 | R2: =IF(COUNT(R8:R37)=0,IF(R4="",0,1),IF(R4="",1,0)) -> 0 | S2: =IF(COUNT(S8:S37)=0,IF(S4="",0,1),IF(S4="",1,0)) -> 0 | ... U2: =IF(COUNT(U8:U37)=0,IF(U4="",0,1),IF(U4="",1,0)) -> 0 | W2: =IF(COUNT(W8:W37)=0,IF(W4="",0,1),IF(W4="",1,0)) -> 0 | X2: =IF(COUNT(X8:X37)=0,IF(X4="",0,1),IF(X4="",1,0)) -> 0 | Y2: =IF(COUNT(Y8:Y37)=0,IF(Y4="",0,1),IF(Y4="",1,0)) -> 0 | Z2: =IF(COUNT(Z8:Z37)=0,IF(Z4="",0,1),IF(Z4="",1,0)) -> 0 | AA2: =IF(COUNT(AA8:AA37)=0,IF(AA4="",0,1),IF(AA4="",1,0)) -> 0 | AB2: =IF(COUNT(AB8:AB37)=0,IF(AB4="",0,1),IF(AB4="",1,0)) -> 0 | AC2: =IF(COUNT(AC8:AC37)=0,IF(AC4="",0,1),IF(AC4="",1,0)) -> 0 | AD2: =IF(COUNT(AD8:AD37)=0,IF(AD4="",0,1),IF(AD4="",1,0)) -> 0 | ... AF2: =IF(COUNT(AF8:AF37)=0,IF(AF4="",0,1),IF(AF4="",1,0)) -> 0 | AH2: =IF(COUNT(AH8:AH37)=0,IF(AH4="",0,1),IF(AH4="",1,0)) -> 0 | AI2: =IF(COUNT(AI8:AI37)=0,IF(AI4="",0,1),IF(AI4="",1,0)) -> 0 | AJ2: =IF(COUNT(AJ8:AJ37)=0,IF(AJ4="",0,1),IF(AJ4="",1,0)) -> 0 | AK2: =IF(COUNT(AK8:AK37)=0,IF(AK4="",0,1),IF(AK4="",1,0)) -> 0 | AL2: =IF(COUNT(AL8:AL37)=0,IF(AL4="",0,1),IF(AL4="",1,0)) -> 0
B3: =General!B1 | E3: FECHAS | AP3: NOTA 3ER TRIMESTRE
B4: =General!B2 | E4: EVALUACIONES | K4: SER 10% | V4: SABER 35% | AG4: HACER 35% | AM4: DECIDIR 10% | AN4: SER 5% | AO4: DECIDIR 5%
F5: =IF(COUNT(F8:F37)=0,IF(F3="",0,1),IF(F3="",1,0)) -> 0 | G5: =IF(COUNT(G8:G37)=0,IF(G3="",0,1),IF(G3="",1,0)) -> 0 | H5: =IF(COUNT(H8:H37)=0,IF(H3="",0,1),IF(H3="",1,0)) -> 0 | I5: =IF(COUNT(I8:I37)=0,IF(I3="",0,1),IF(I3="",1,0)) -> 0 | J5: =IF(COUNT(J8:J37)=0,IF(J3="",0,1),IF(J3="",1,0)) -> 0 | L5: =IF(COUNT(L8:L37)=0,IF(L3="",0,1),IF(L3="",1,0)) -> 0 | M5: =IF(COUNT(M8:M37)=0,IF(M3="",0,1),IF(M3="",1,0)) -> 0 | N5: =IF(COUNT(N8:N37)=0,IF(N3="",0,1),IF(N3="",1,0)) -> 0 | O5: =IF(COUNT(O8:O37)=0,IF(O3="",0,1),IF(O3="",1,0)) -> 0 | P5: =IF(COUNT(P8:P37)=0,IF(P3="",0,1),IF(P3="",1,0)) -> 0 | Q5: =IF(COUNT(Q8:Q37)=0,IF(Q3="",0,1),IF(Q3="",1,0)) -> 0 | R5: =IF(COUNT(R8:R37)=0,IF(R3="",0,1),IF(R3="",1,0)) -> 0 | S5: =IF(COUNT(S8:S37)=0,IF(S3="",0,1),IF(S3="",1,0)) -> 0 | ... U5: =IF(COUNT(U8:U37)=0,IF(U3="",0,1),IF(U3="",1,0)) -> 0 | W5: =IF(COUNT(W8:W37)=0,IF(W3="",0,1),IF(W3="",1,0)) -> 0 | X5: =IF(COUNT(X8:X37)=0,IF(X3="",0,1),IF(X3="",1,0)) -> 0 | Y5: =IF(COUNT(Y8:Y37)=0,IF(Y3="",0,1),IF(Y3="",1,0)) -> 0 | Z5: =IF(COUNT(Z8:Z37)=0,IF(Z3="",0,1),IF(Z3="",1,0)) -> 0 | AA5: =IF(COUNT(AA8:AA37)=0,IF(AA3="",0,1),IF(AA3="",1,0)) -> 0 | AB5: =IF(COUNT(AB8:AB37)=0,IF(AB3="",0,1),IF(AB3="",1,0)) -> 0 | AC5: =IF(COUNT(AC8:AC37)=0,IF(AC3="",0,1),IF(AC3="",1,0)) -> 0 | AD5: =IF(COUNT(AD8:AD37)=0,IF(AD3="",0,1),IF(AD3="",1,0)) -> 0 | ... AF5: =IF(COUNT(AF8:AF37)=0,IF(AF3="",0,1),IF(AF3="",1,0)) -> 0 | AH5: =IF(COUNT(AH8:AH37)=0,IF(AH3="",0,1),IF(AH3="",1,0)) -> 0 | AI5: =IF(COUNT(AI8:AI37)=0,IF(AI3="",0,1),IF(AI3="",1,0)) -> 0 | AJ5: =IF(COUNT(AJ8:AJ37)=0,IF(AJ3="",0,1),IF(AJ3="",1,0)) -> 0 | AK5: =IF(COUNT(AK8:AK37)=0,IF(AK3="",0,1),IF(AK3="",1,0)) -> 0 | AL5: =IF(COUNT(AL8:AL37)=0,IF(AL3="",0,1),IF(AL3="",1,0)) -> 0 | AN5: 5 | AO5: 5
D6: Total (acumulado): | E6: =if(sumifs(F5:AG5,F7:AG7,">=0")=0,1,sumifs(F5:AG5,F7:AG7,">=0")) -> 1
C7: Promedio de la clase | D7: {=iferror(index(Grades, match($E7*100,GradeRange,-1), 1),0)} | E7: =IFERROR(AP7/100,0) -> 0 | F7: =iferror(average(F8:F37)) | G7: =iferror(average(G8:G37)) | H7: =iferror(average(H8:H37)) | I7: =iferror(average(I8:I37)) | J7: =iferror(average(J8:J37)) | K7: =iferror(average(K8:K37)) | L7: =iferror(average(L8:L37)) | M7: =iferror(average(M8:M37)) | ... AP7: =iferror(average(AP8:AP37))
A8: ='1erTRIM'!A8 | B8: ='1erTRIM'!B8 | C8: ='1erTRIM'!C8 | D8: {=IFERROR(index(Grades, match($E8*100,GradeRange,-1), 1))} | E8: =IFERROR((SUM(K8,V8,AG8,AM8,AN8,AO8))/100) -> 0 | K8: =IFERROR(ROUND(ROUND(AVERAGE(F8:J8),0)*0.1,0),"") | V8: =IFERROR(ROUND(ROUND(AVERAGE(L8:U8),0)*0.35,0),"") | AG8: =IFERROR(ROUND(ROUND(AVERAGE(W8:AF8),0)*0.35,0),"") | AM8: =IFERROR(ROUND(ROUND(AVERAGE(AH8:AL8),0)*0.1,0),"") | AP8: =IF(SUM(K8,V8,AG8,AM8,AN8,AO8)=0,"",SUM(K8,V8,AG8,AM8,AN8,AO8))
A9: ='1erTRIM'!A9 | B9: ='1erTRIM'!B9 | C9: ='1erTRIM'!C9 | D9: {=IFERROR(index(Grades, match($E9*100,GradeRange,-1), 1))} | E9: =IFERROR((SUM(K9,V9,AG9,AM9,AN9,AO9))/100) -> 0 | K9: =IFERROR(ROUND(ROUND(AVERAGE(F9:J9),0)*0.1,0),"") | V9: =IFERROR(ROUND(ROUND(AVERAGE(L9:U9),0)*0.35,0),"") | AG9: =IFERROR(ROUND(ROUND(AVERAGE(W9:AF9),0)*0.35,0),"") | AM9: =IFERROR(ROUND(ROUND(AVERAGE(AH9:AL9),0)*0.1,0),"") | AP9: =IF(SUM(K9,V9,AG9,AM9,AN9,AO9)=0,"",SUM(K9,V9,AG9,AM9,AN9,AO9))
A10: ='1erTRIM'!A10 | B10: ='1erTRIM'!B10 | C10: ='1erTRIM'!C10 | D10: {=IFERROR(index(Grades, match($E10*100,GradeRange,-1), 1))} | E10: =IFERROR((SUM(K10,V10,AG10,AM10,AN10,AO10))/100) -> 0 | K10: =IFERROR(ROUND(ROUND(AVERAGE(F10:J10),0)*0.1,0),"") | V10: =IFERROR(ROUND(ROUND(AVERAGE(L10:U10),0)*0.35,0),"") | AG10: =IFERROR(ROUND(ROUND(AVERAGE(W10:AF10),0)*0.35,0),"") | AM10: =IFERROR(ROUND(ROUND(AVERAGE(AH10:AL10),0)*0.1,0),"") | AP10: =IF(SUM(K10,V10,AG10,AM10,AN10,AO10)=0,"",SUM(K10,V10,AG10,AM10,AN10,AO10))
A11: ='1erTRIM'!A11 | B11: ='1erTRIM'!B11 | C11: ='1erTRIM'!C11 | D11: {=IFERROR(index(Grades, match($E11*100,GradeRange,-1), 1))} | E11: =IFERROR((SUM(K11,V11,AG11,AM11,AN11,AO11))/100) -> 0 | K11: =IFERROR(ROUND(ROUND(AVERAGE(F11:J11),0)*0.1,0),"") | V11: =IFERROR(ROUND(ROUND(AVERAGE(L11:U11),0)*0.35,0),"") | AG11: =IFERROR(ROUND(ROUND(AVERAGE(W11:AF11),0)*0.35,0),"") | AM11: =IFERROR(ROUND(ROUND(AVERAGE(AH11:AL11),0)*0.1,0),"") | AP11: =IF(SUM(K11,V11,AG11,AM11,AN11,AO11)=0,"",SUM(K11,V11,AG11,AM11,AN11,AO11))
A12: ='1erTRIM'!A12 | B12: ='1erTRIM'!B12 | C12: ='1erTRIM'!C12 | D12: {=IFERROR(index(Grades, match($E12*100,GradeRange,-1), 1))} | E12: =IFERROR((SUM(K12,V12,AG12,AM12,AN12,AO12))/100) -> 0 | K12: =IFERROR(ROUND(ROUND(AVERAGE(F12:J12),0)*0.1,0),"") | V12: =IFERROR(ROUND(ROUND(AVERAGE(L12:U12),0)*0.35,0),"") | AG12: =IFERROR(ROUND(ROUND(AVERAGE(W12:AF12),0)*0.35,0),"") | AM12: =IFERROR(ROUND(ROUND(AVERAGE(AH12:AL12),0)*0.1,0),"") | AP12: =IF(SUM(K12,V12,AG12,AM12,AN12,AO12)=0,"",SUM(K12,V12,AG12,AM12,AN12,AO12))
A13: ='1erTRIM'!A13 | B13: ='1erTRIM'!B13 | C13: ='1erTRIM'!C13 | D13: {=IFERROR(index(Grades, match($E13*100,GradeRange,-1), 1))} | E13: =IFERROR((SUM(K13,V13,AG13,AM13,AN13,AO13))/100) -> 0 | K13: =IFERROR(ROUND(ROUND(AVERAGE(F13:J13),0)*0.1,0),"") | V13: =IFERROR(ROUND(ROUND(AVERAGE(L13:U13),0)*0.35,0),"") | AG13: =IFERROR(ROUND(ROUND(AVERAGE(W13:AF13),0)*0.35,0),"") | AM13: =IFERROR(ROUND(ROUND(AVERAGE(AH13:AL13),0)*0.1,0),"") | AP13: =IF(SUM(K13,V13,AG13,AM13,AN13,AO13)=0,"",SUM(K13,V13,AG13,AM13,AN13,AO13))
A14: ='1erTRIM'!A14 | B14: ='1erTRIM'!B14 | C14: ='1erTRIM'!C14 | D14: {=IFERROR(index(Grades, match($E14*100,GradeRange,-1), 1))} | E14: =IFERROR((SUM(K14,V14,AG14,AM14,AN14,AO14))/100) -> 0 | K14: =IFERROR(ROUND(ROUND(AVERAGE(F14:J14),0)*0.1,0),"") | V14: =IFERROR(ROUND(ROUND(AVERAGE(L14:U14),0)*0.35,0),"") | AG14: =IFERROR(ROUND(ROUND(AVERAGE(W14:AF14),0)*0.35,0),"") | AM14: =IFERROR(ROUND(ROUND(AVERAGE(AH14:AL14),0)*0.1,0),"") | AP14: =IF(SUM(K14,V14,AG14,AM14,AN14,AO14)=0,"",SUM(K14,V14,AG14,AM14,AN14,AO14))
A15: ='1erTRIM'!A15 | B15: ='1erTRIM'!B15 | C15: ='1erTRIM'!C15 | D15: {=IFERROR(index(Grades, match($E15*100,GradeRange,-1), 1))} | E15: =IFERROR((SUM(K15,V15,AG15,AM15,AN15,AO15))/100) -> 0 | K15: =IFERROR(ROUND(ROUND(AVERAGE(F15:J15),0)*0.1,0),"") | V15: =IFERROR(ROUND(ROUND(AVERAGE(L15:U15),0)*0.35,0),"") | AG15: =IFERROR(ROUND(ROUND(AVERAGE(W15:AF15),0)*0.35,0),"") | AM15: =IFERROR(ROUND(ROUND(AVERAGE(AH15:AL15),0)*0.1,0),"") | AP15: =IF(SUM(K15,V15,AG15,AM15,AN15,AO15)=0,"",SUM(K15,V15,AG15,AM15,AN15,AO15))
A16: ='1erTRIM'!A16 | B16: ='1erTRIM'!B16 | C16: ='1erTRIM'!C16 | D16: {=IFERROR(index(Grades, match($E16*100,GradeRange,-1), 1))} | E16: =IFERROR((SUM(K16,V16,AG16,AM16,AN16,AO16))/100) -> 0 | K16: =IFERROR(ROUND(ROUND(AVERAGE(F16:J16),0)*0.1,0),"") | V16: =IFERROR(ROUND(ROUND(AVERAGE(L16:U16),0)*0.35,0),"") | AG16: =IFERROR(ROUND(ROUND(AVERAGE(W16:AF16),0)*0.35,0),"") | AM16: =IFERROR(ROUND(ROUND(AVERAGE(AH16:AL16),0)*0.1,0),"") | AP16: =IF(SUM(K16,V16,AG16,AM16,AN16,AO16)=0,"",SUM(K16,V16,AG16,AM16,AN16,AO16))
A17: ='1erTRIM'!A17 | B17: ='1erTRIM'!B17 | C17: ='1erTRIM'!C17 | D17: {=IFERROR(index(Grades, match($E17*100,GradeRange,-1), 1))} | E17: =IFERROR((SUM(K17,V17,AG17,AM17,AN17,AO17))/100) -> 0 | K17: =IFERROR(ROUND(ROUND(AVERAGE(F17:J17),0)*0.1,0),"") | V17: =IFERROR(ROUND(ROUND(AVERAGE(L17:U17),0)*0.35,0),"") | AG17: =IFERROR(ROUND(ROUND(AVERAGE(W17:AF17),0)*0.35,0),"") | AM17: =IFERROR(ROUND(ROUND(AVERAGE(AH17:AL17),0)*0.1,0),"") | AP17: =IF(SUM(K17,V17,AG17,AM17,AN17,AO17)=0,"",SUM(K17,V17,AG17,AM17,AN17,AO17))
A18: ='1erTRIM'!A18 | B18: ='1erTRIM'!B18 | C18: ='1erTRIM'!C18 | D18: {=IFERROR(index(Grades, match($E18*100,GradeRange,-1), 1))} | E18: =IFERROR((SUM(K18,V18,AG18,AM18,AN18,AO18))/100) -> 0 | K18: =IFERROR(ROUND(ROUND(AVERAGE(F18:J18),0)*0.1,0),"") | V18: =IFERROR(ROUND(ROUND(AVERAGE(L18:U18),0)*0.35,0),"") | AG18: =IFERROR(ROUND(ROUND(AVERAGE(W18:AF18),0)*0.35,0),"") | AM18: =IFERROR(ROUND(ROUND(AVERAGE(AH18:AL18),0)*0.1,0),"") | AP18: =IF(SUM(K18,V18,AG18,AM18,AN18,AO18)=0,"",SUM(K18,V18,AG18,AM18,AN18,AO18))
A19: ='1erTRIM'!A19 | B19: ='1erTRIM'!B19 | C19: ='1erTRIM'!C19 | D19: {=IFERROR(index(Grades, match($E19*100,GradeRange,-1), 1))} | E19: =IFERROR((SUM(K19,V19,AG19,AM19,AN19,AO19))/100) -> 0 | K19: =IFERROR(ROUND(ROUND(AVERAGE(F19:J19),0)*0.1,0),"") | V19: =IFERROR(ROUND(ROUND(AVERAGE(L19:U19),0)*0.35,0),"") | AG19: =IFERROR(ROUND(ROUND(AVERAGE(W19:AF19),0)*0.35,0),"") | AM19: =IFERROR(ROUND(ROUND(AVERAGE(AH19:AL19),0)*0.1,0),"") | AP19: =IF(SUM(K19,V19,AG19,AM19,AN19,AO19)=0,"",SUM(K19,V19,AG19,AM19,AN19,AO19))
... A37: ='1erTRIM'!A37 | B37: ='1erTRIM'!B37 | C37: ='1erTRIM'!C37 | D37: {=IFERROR(index(Grades, match($E37*100,GradeRange,-1), 1))} | E37: =IFERROR((SUM(K37,V37,AG37,AM37,AN37,AO37))/100) -> 0 | K37: =IFERROR(ROUND(ROUND(AVERAGE(F37:J37),0)*0.1,0),"") | V37: =IFERROR(ROUND(ROUND(AVERAGE(L37:U37),0)*0.35,0),"") | AG37: =IFERROR(ROUND(ROUND(AVERAGE(W37:AF37),0)*0.35,0),"") | AM37: =IFERROR(ROUND(ROUND(AVERAGE(AH37:AL37),0)*0.1,0),"") | AP37: =IF(SUM(K37,V37,AG37,AM37,AN37,AO37)=0,"",SUM(K37,V37,AG37,AM37,AN37,AO37))
C38: =COUNTA(C8:C37) -> 0 | F38: =IF(OR(COUNT(F8:F37)=$C$38,COUNT(F8:F37)=0),0,1) -> 0 | G38: =IF(OR(COUNT(G8:G37)=$C$38,COUNT(G8:G37)=0),0,1) -> 0 | H38: =IF(OR(COUNT(H8:H37)=$C$38,COUNT(H8:H37)=0),0,1) -> 0 | I38: =IF(OR(COUNT(I8:I37)=$C$38,COUNT(I8:I37)=0),0,1) -> 0 | J38: =IF(OR(COUNT(J8:J37)=$C$38,COUNT(J8:J37)=0),0,1) -> 0 | K38: =IF(OR(COUNT(K8:K37)=$C$38,COUNT(K8:K37)=0),0,1) -> 0 | L38: =IF(OR(COUNT(L8:L37)=$C$38,COUNT(L8:L37)=0),0,1) -> 0 | M38: =IF(OR(COUNT(M8:M37)=$C$38,COUNT(M8:M37)=0),0,1) -> 0 | ... AF38: =IF(OR(COUNT(AF8:AF37)=$C$38,COUNT(AF8:AF37)=0),0,1) -> 0 | AH38: =IF(OR(COUNT(AH8:AH37)=$C$38,COUNT(AH8:AH37)=0),0,1) -> 0 | AI38: =IF(OR(COUNT(AI8:AI37)=$C$38,COUNT(AI8:AI37)=0),0,1) -> 0 | AJ38: =IF(OR(COUNT(AJ8:AJ37)=$C$38,COUNT(AJ8:AJ37)=0),0,1) -> 0 | AK38: =IF(OR(COUNT(AK8:AK37)=$C$38,COUNT(AK8:AK37)=0),0,1) -> 0 | AL38: =IF(OR(COUNT(AL8:AL37)=$C$38,COUNT(AL8:AL37)=0),0,1) -> 0 | AN38: =IF(OR(COUNT(AN8:AN37)=$C$38,COUNT(AN8:AN37)=0),0,1) -> 0 | AO38: =IF(OR(COUNT(AO8:AO37)=$C$38,COUNT(AO8:AO37)=0),0,1) -> 0 | AP38: =SUM(F38:AO38) -> 0
B39: MEDIANAS | F39: =IFERROR(MEDIAN(F8:F37),0) -> 0 | G39: =IFERROR(MEDIAN(G8:G37),0) -> 0 | H39: =IFERROR(MEDIAN(H8:H37),0) -> 0 | I39: =IFERROR(MEDIAN(I8:I37),0) -> 0 | J39: =IFERROR(MEDIAN(J8:J37),0) -> 0 | K39: =IFERROR(MEDIAN(K8:K37),0) -> 0 | L39: =IFERROR(MEDIAN(L8:L37),0) -> 0 | M39: =IFERROR(MEDIAN(M8:M37),0) -> 0 | ... AP39: =IFERROR(MEDIAN(AP8:AP37),0) -> 0
B40: NOTA MÁXIMA | F40: =MAX(F8:F37) -> 0 | G40: =MAX(G8:G37) -> 0 | H40: =MAX(H8:H37) -> 0 | I40: =MAX(I8:I37) -> 0 | J40: =MAX(J8:J37) -> 0 | K40: =MAX(K8:K37) -> 0 | L40: =MAX(L8:L37) -> 0 | M40: =MAX(M8:M37) -> 0 | ... AP40: =MAX(AP8:AP37) -> 0
A41: 3 | B41: NOTA MÍNIMA | F41: =MIN(F9:F37) -> 0 | G41: =MIN(G9:G37) -> 0 | H41: =MIN(H9:H37) -> 0 | I41: =MIN(I9:I37) -> 0 | J41: =MIN(J9:J37) -> 0 | K41: =MIN(K9:K37) -> 0 | L41: =MIN(L9:L37) -> 0 | M41: =MIN(M9:M37) -> 0 | ... AP41: =MIN(AP9:AP37) -> 0

Sheet Finales
B1: =General!B1 | F1: NOTAS FINALES
B2: =General!B2 | I2: NOTA ANUAL
F3: 1er TRIMESTRE | G3: 2do TRIMESTRE | H3: 3er TRIMESTRE | J3: PROMOCIÓN
D5: Total (acumulado): | E5: =if(sumifs(F4:H4,F6:H6,">=0")=0,1,sumifs(F4:H4,F6:H6,">=0")) -> 1
C6: Promedio del Trimestre | D6: {=IFERROR(index(Grades, match($E6*100,GradeRange,-1), 1))} | E6: =IFERROR(I6/100) -> 0 | F6: =IFERROR(AVERAGE(F7:F36),"") | G6: =IFERROR(AVERAGE(G7:G36),"") | H6: =IFERROR(AVERAGE(H7:H36),"") | I6: =IFERROR(AVERAGE(I7:I36),"")
A7: ='1erTRIM'!A8 | B7: ='1erTRIM'!B8 | C7: ='1erTRIM'!C8 | D7: {=IFERROR(index(Grades, match($E7*100,GradeRange,-1), 1))} | E7: =IFERROR(I7/100) -> 0 | F7: ='1erTRIM'!AP8 | G7: ='2doTRIM'!AP8 | H7: ='3erTRIM'!AP8 | I7: =IF(F7="","", SUM(F7:H7)/3) | J7: =IF(I7="","",IF(I7<51,"REPROBADO","APROBADO"))
A8: ='1erTRIM'!A9 | B8: ='1erTRIM'!B9 | C8: ='1erTRIM'!C9 | D8: {=IFERROR(index(Grades, match($E8*100,GradeRange,-1), 1))} | E8: =IFERROR(I8/100) -> 0 | F8: ='1erTRIM'!AP9 | G8: ='2doTRIM'!AP9 | H8: ='3erTRIM'!AP9 | I8: =IF(F8="","", SUM(F8:H8)/3) | J8: =IF(I8="","",IF(I8<51,"REPROBADO","APROBADO"))
A9: ='1erTRIM'!A10 | B9: ='1erTRIM'!B10 | C9: ='1erTRIM'!C10 | D9: {=IFERROR(index(Grades, match($E9*100,GradeRange,-1), 1))} | E9: =IFERROR(I9/100) -> 0 | F9: ='1erTRIM'!AP10 | G9: ='2doTRIM'!AP10 | H9: ='3erTRIM'!AP10 | I9: =IF(F9="","", SUM(F9:H9)/3) | J9: =IF(I9="","",IF(I9<51,"REPROBADO","APROBADO"))
A10: ='1erTRIM'!A11 | B10: ='1erTRIM'!B11 | C10: ='1erTRIM'!C11 | D10: {=IFERROR(index(Grades, match($E10*100,GradeRange,-1), 1))} | E10: =IFERROR(I10/100) -> 0 | F10: ='1erTRIM'!AP11 | G10: ='2doTRIM'!AP11 | H10: ='3erTRIM'!AP11 | I10: =IF(F10="","", SUM(F10:H10)/3) | J10: =IF(I10="","",IF(I10<51,"REPROBADO","APROBADO"))
A11: ='1erTRIM'!A12 | B11: ='1erTRIM'!B12 | C11: ='1erTRIM'!C12 | D11: {=IFERROR(index(Grades, match($E11*100,GradeRange,-1), 1))} | E11: =IFERROR(I11/100) -> 0 | F11: ='1erTRIM'!AP12 | G11: ='2doTRIM'!AP12 | H11: ='3erTRIM'!AP12 | I11: =IF(F11="","", SUM(F11:H11)/3) | J11: =IF(I11="","",IF(I11<51,"REPROBADO","APROBADO"))
A12: ='1erTRIM'!A13 | B12: ='1erTRIM'!B13 | C12: ='1erTRIM'!C13 | D12: {=IFERROR(index(Grades, match($E12*100,GradeRange,-1), 1))} | E12: =IFERROR(I12/100) -> 0 | F12: ='1erTRIM'!AP13 | G12: ='2doTRIM'!AP13 | H12: ='3erTRIM'!AP13 | I12: =IF(F12="","", SUM(F12:H12)/3) | J12: =IF(I12="","",IF(I12<51,"REPROBADO","APROBADO"))
A13: ='1erTRIM'!A14 | B13: ='1erTRIM'!B14 | C13: ='1erTRIM'!C14 | D13: {=IFERROR(index(Grades, match($E13*100,GradeRange,-1), 1))} | E13: =IFERROR(I13/100) -> 0 | F13: ='1erTRIM'!AP14 | G13: ='2doTRIM'!AP14 | H13: ='3erTRIM'!AP14 | I13: =IF(F13="","", SUM(F13:H13)/3) | J13: =IF(I13="","",IF(I13<51,"REPROBADO","APROBADO"))
A14: ='1erTRIM'!A15 | B14: ='1erTRIM'!B15 | C14: ='1erTRIM'!C15 | D14: {=IFERROR(index(Grades, match($E14*100,GradeRange,-1), 1))} | E14: =IFERROR(I14/100) -> 0 | F14: ='1erTRIM'!AP15 | G14: ='2doTRIM'!AP15 | H14: ='3erTRIM'!AP15 | I14: =IF(F14="","", SUM(F14:H14)/3) | J14: =IF(I14="","",IF(I14<51,"REPROBADO","APROBADO"))
A15: ='1erTRIM'!A16 | B15: ='1erTRIM'!B16 | C15: ='1erTRIM'!C16 | D15: {=IFERROR(index(Grades, match($E15*100,GradeRange,-1), 1))} | E15: =IFERROR(I15/100) -> 0 | F15: ='1erTRIM'!AP16 | G15: ='2doTRIM'!AP16 | H15: ='3erTRIM'!AP16 | I15: =IF(F15="","", SUM(F15:H15)/3) | J15: =IF(I15="","",IF(I15<51,"REPROBADO","APROBADO"))
A16: ='1erTRIM'!A17 | B16: ='1erTRIM'!B17 | C16: ='1erTRIM'!C17 | D16: {=IFERROR(index(Grades, match($E16*100,GradeRange,-1), 1))} | E16: =IFERROR(I16/100) -> 0 | F16: ='1erTRIM'!AP17 | G16: ='2doTRIM'!AP17 | H16: ='3erTRIM'!AP17 | I16: =IF(F16="","", SUM(F16:H16)/3) | J16: =IF(I16="","",IF(I16<51,"REPROBADO","APROBADO"))
A17: ='1erTRIM'!A18 | B17: ='1erTRIM'!B18 | C17: ='1erTRIM'!C18 | D17: {=IFERROR(index(Grades, match($E17*100,GradeRange,-1), 1))} | E17: =IFERROR(I17/100) -> 0 | F17: ='1erTRIM'!AP18 | G17: ='2doTRIM'!AP18 | H17: ='3erTRIM'!AP18 | I17: =IF(F17="","", SUM(F17:H17)/3) | J17: =IF(I17="","",IF(I17<51,"REPROBADO","APROBADO"))
A18: ='1erTRIM'!A19 | B18: ='1erTRIM'!B19 | C18: ='1erTRIM'!C19 | D18: {=IFERROR(index(Grades, match($E18*100,GradeRange,-1), 1))} | E18: =IFERROR(I18/100) -> 0 | F18: ='1erTRIM'!AP19 | G18: ='2doTRIM'!AP19 | H18: ='3erTRIM'!AP19 | I18: =IF(F18="","", SUM(F18:H18)/3) | J18: =IF(I18="","",IF(I18<51,"REPROBADO","APROBADO"))
... A36: ='1erTRIM'!A37 | B36: ='1erTRIM'!B37 | C36: ='1erTRIM'!C37 | D36: {=IFERROR(index(Grades, match($E36*100,GradeRange,-1), 1))} | E36: =IFERROR(I36/100) -> 0 | F36: ='1erTRIM'!AP37 | G36: ='2doTRIM'!AP37 | H36: ='3erTRIM'!AP37 | I36: =IF(F36="","", SUM(F36:H36)/3) | J36: =IF(I36="","",IF(I36<51,"REPROBADO","APROBADO"))
A37: 4

Sheet Dim
B1: 1er TRIM | C1: 2do TRIM | D1: 3er TRIM
A2: SER | B2: ='1erTRIM'!K7 | C2: ='2doTRIM'!K7 | D2: ='3erTRIM'!K7
A3: SABER | B3: ='1erTRIM'!V7 | C3: ='2doTRIM'!V7 | D3: ='3erTRIM'!V7
A4: HACER | B4: ='1erTRIM'!AG7 | C4: ='2doTRIM'!AG7 | D4: ='3erTRIM'!AG7
A5: DECIDIR | B5: ='1erTRIM'!AM7 | C5: ='2doTRIM'!AM7 | D5: ='3erTRIM'!AM7
